{"cameraMode":{"drawMode":0,"name":"Shaded","section":"Shading Mode"},"sceneLighting":true,"audioPlay":false,"sceneViewState":{"m_AlwaysRefresh":false,"showFog":true,"showSkybox":true,"showFlares":true,"showImageEffects":true,"showParticleSystems":true,"showVisualEffectGraphs":true,"m_FxEnabled":true},"in2DMode":false,"pivot":{"x":11.040998458862305,"y":4.249715328216553,"z":2.582758903503418},"rotation":{"x":-0.006111843045800924,"y":-0.9805037975311279,"z":-0.03089609183371067,"w":0.19396114349365235},"size":4.7268266677856449,"orthographic":false}