{"cameraMode":{"drawMode":0,"name":"Shaded","section":"Shading Mode"},"sceneLighting":true,"audioPlay":false,"sceneViewState":{"m_AlwaysRefresh":false,"showFog":true,"showSkybox":true,"showFlares":true,"showImageEffects":true,"showParticleSystems":true,"showVisualEffectGraphs":true,"m_FxEnabled":true},"in2DMode":false,"pivot":{"x":1.0738868713378907,"y":6.753812789916992,"z":-1.5008628368377686},"rotation":{"x":0.02110152132809162,"y":-0.7103850841522217,"z":0.021317973732948304,"w":0.7031735777854919},"size":11.711004257202149,"orthographic":false}